Medio,Valores
Email,33306.60879197315
Facebook,9190.561184025388
Google,254.11870829404188
OpenTV,7641.7385079486085
PayTV,-1379.4942100024746
Print,9209.466627323667
Radio,50639.19129758126
base,49758.756040058084
