Medio,Valores
OpenTV,25383.549679695247
PayTV,16583.053716501137
Radio,764.1182460676181
Print,9821.470950914889
Facebook,3428.082906605252
Google,12588.225157716926
Email,56637.428871768534
base,54948.20598775267
