Medio,Valores
Email,66324.58657162901
Facebook,18992.239213008135
Google,5310.676225690893
OpenTV,27939.74594358845
PayTV,-10905.285729495397
Print,12447.131843098396
Radio,105008.63304836005
base,121572.4265388315
